Excercise,Equipment Required,Aux Equipment,Difficulty,Muscle Group,Primary,Secondary
Alternate Leg Pull,None,,Beginner,ABS & CORE,Rectus Abdominis,"Hip Flexors, Obliques, Quadriceps"
Alternate Leg Raise,None,,Beginner,ABS & CORE,"Rectus Abdominis, Obliques","Hip Flexors, Quadriceps, Erector Spinae"
Alternate Leg Raise From Reverse Plank Position,None,,Beginner,ABS & CORE,"Glutes, Hamstrings, Rectus Abdominis, Obliques","Deltoids, Triceps, Hip Flexors"
Alternate Oblique Crunch ,None,,Beginner,ABS & CORE,Obliques,"Rectus Abdominis, Transverse Abdominis, Hip Flexors, Erector Spinae"
Bicycle Ab Exercise,None,,Beginner,ABS & CORE,"Obliques, Rectus Abdominis, Transverse Abdominis","Hip Flexors, Quadriceps, Erector Spinae, Upper Back/Neck Muscles"
Bicycle Crunches,None,,Beginner,ABS & CORE,"Rectus Abdominis, Obliques","Hip Flexors, Transverse Abdominis, Quadriceps, Hamstrings, Erector Spinae"
Bird Dog,None,,Beginner,ABS & CORE,"Erector Spinae, Rectus Abdominis, Transverse Abdominis, Multifidi","Glutes, Hamstrings, Deltoids, Serratus Anterior"
Bodyweight Front Plank To Downward Dog,None,,Beginner,ABS & CORE,"Deltoids, Obliques, Erector Spinae, Lats","Triceps, Pectorals, Glutes, Quadriceps, Hamstrings, Calves"
Burpees,None,,Beginner,ABS & CORE,"Quadriceps, Glutes, Pectorals, Deltoids, Rectus Abdominis, Erector Spinae","Triceps, Hamstrings, Gastrocnemius, Soleus"
Cable Crunch,Cable machine,,Intermediate,ABS & CORE,"Rectus Abdominis, Obliques","Transverse Abdominis, Hip Flexors, Erector Spinae, Deltoids, Lats, Biceps"
Cable Crunch Reverse,Cable machine,,Intermediate,ABS & CORE,"Rectus Abdominis, Hip Flexors","Obliques, Transverse Abdominis, Rectus Abdominis "
Cable Palloff Press,Cable machine,,Intermediate,ABS & CORE,"Obliques, Transverse Abdominis, Rectus Abdominis, Erector Spinae","Glutes, Deltoids, Rhomboids, Trapezius, Triceps, Pectorals"
Cable Standing Russian Twist,Cable machine,,Intermediate,ABS & CORE,"Obliques, Rectus Abdominis ","Transverse Abdominis, Erector Spinae, Deltoids, Hip Flexors, Rhomboids"
Cable Wood Chop,Cable machine,,Intermediate,ABS & CORE,"Obliques, Transverse Abdominis, Rectus Abdominis","Glutes, Deltoids, Erector Spinae, Quadriceps, Hamstrings, Calves"
Copenhagen Plank,Plyometric box,Stability ball,Advanced,ABS & CORE,"Adductors, Obliques ","Transverse Abdominis, Rectus Abdominis, Deltoids, Trapezius, Serratus Anterior, Glutes, Quadriceps"
Crunch With Stability Ball,Stability ball,,Advanced,ABS & CORE,Rectus Abdominis ,"Obliques, Transverse Abdominis, Hip Flexors, Erector Spinae"
Crunches,None,,Beginner,ABS & CORE,Rectus Abdominis,"Obliques, Transverse Abdominis, Hip Flexors, Erector Spinae"
Crunches Raised Legs,None,,Beginner,ABS & CORE,"Rectus Abdominis, Obliques","Hip Flexors, Quadriceps, Erector Spinae"
Decline Crunch,Decline,,Advanced,ABS & CORE,Upper Abdominals,"Obliques, Lower Abdominals, Hip Flexors, Transverse Abdominis  "
Elbow To Knee Side Plank Crunch,None,,Beginner,ABS & CORE,"Obliques, Transverse Abdominis, Hip Flexors","Deltoids, Glutes, Erector Spinae, Triceps"
Elbow Up Down Planks,None,,Beginner,ABS & CORE,"Rectus Abdominis, Transverse Abdominis, Obliques, Deltoids, Triceps, Pectorals","Erector Spinae, Trapezius, Rhomboids, Glutes, Quadriceps, Biceps"
Flutter Kicks,None,,Beginner,ABS & CORE,"Rectus Abdominis, Hip Flexors","Quadriceps, Obliques, Erector Spinae, Hamstrings, Glutes"
Frog Kicks,None,,Beginner,ABS & CORE,"Gluteus, Abdominals","Hamstrings, Hip Flexors, Adductors, Erector Spinae, Erector Spinae, Quadriceps"
Hanging Knee Raises,Pull-up bar,,Advanced,ABS & CORE,"Rectus Abdominis, Hip Flexors, Quadriceps","Obliques, Serratus Anterior"
Hanging Leg Raises,Pull-up bar,,Advanced,ABS & CORE,"Rectus Abdominis, Hip Flexors","Obliques, Latissimus Dorsi, Quadriceps, Erector Spinae"
Heel Taps,None,,Beginner,ABS & CORE,"Obliques, Rectus Abdominis","Transverse Abdominis, Hip Flexors"
High Knees,None,,Beginner,ABS & CORE,"Hip Flexors, Rectus Abdominis","Quadriceps, Hamstrings, Gastrocnemius, Obliques"
High Straight Arm Plank,None,,Beginner,ABS & CORE,"Transverse Abdominis, Rectus Abdominis, Deltoids","Obliques, Erector Spinae, Glutes, Quadriceps"
Hip Raise Bent Knee,None,,Beginner,ABS & CORE,"Glutes, Hamstrings","Erector Spinae, Transverse Abdominis, Hip Flexors"
Hip Raise Straight Leg,None,,Beginner,ABS & CORE,"Glutes, Hamstrings, Erector Spinae","Transverse Abdominis, Hip Flexors, Calves"
Hip Roll Plank,None,,Beginner,ABS & CORE,"Obliques, Transverse Abdominis","Rectus Abdominis, Erector Spinae, Glutes, Deltoids"
Hollow Body Hold,None,,Beginner,ABS & CORE,"Rectus Abdominis, Transverse Abdominis, Hip Flexors","Obliques, Erector Spinae, Quadriceps"
Hollow Rocks,None,,Beginner,ABS & CORE,"Rectus Abdominis, Transverse Abdominis, Hip Flexors","Obliques, Quadriceps, Erector Spinae"
Jack Plank Exercise,None,,Beginner,ABS & CORE,"Transverse Abdominis, Rectus Abdominis, Deltoids","Obliques, Glutes, Hip Abductors, Quadriceps"
Jackknife Sit-Ups,None,,Beginner,ABS & CORE,"Rectus Abdominis, Hip Flexors","Obliques, Transverse Abdominis, Quadriceps"
Jackknives,None,,Beginner,ABS & CORE,"Rectus Abdominis, Hip Flexors","Obliques, Transverse Abdominis, Quadriceps"
Jumping Jacks,None,,Beginner,ABS & CORE,"Gastrocnemius, Deltoids, Glutes","Hip Abductors, Quadriceps, Obliques, Soleus"
Kettlebell Ab Crunch,None,,Beginner,ABS & CORE,Rectus Abdominis,"Obliques, Transverse Abdominis, Hip Flexors"
Knee Tucks,None,,Beginner,ABS & CORE,"Rectus Abdominis, Hip Flexors","Obliques, Transverse Abdominis, Quadriceps"
Landmine Twist,Barbells,,Advanced,ABS & CORE,"Obliques, Rectus Abdominis","Transverse Abdominis, Erector Spinae, Deltoids, Glutes"
Leg Circles,None,,Beginner,ABS & CORE,"Hip Flexors, Rectus Abdominis","Obliques, Adductors, Hip Abductors, Quadriceps"
Leg Flutter Kicks,None,,Beginner,ABS & CORE,"Rectus Abdominis, Hip Flexors","Quadriceps, Obliques, Erector Spinae, Hamstrings"
Leg Raises,None,,Beginner,ABS & CORE,"Rectus Abdominis, Hip Flexors","Obliques, Transverse Abdominis, Quadriceps"
Leg Wipers Vo,None,,Beginner,ABS & CORE,"Obliques, Rectus Abdominis","Transverse Abdominis, Hip Flexors, Adductors"
Lying Leg Raises,None,,Beginner,ABS & CORE,"Rectus Abdominis, Hip Flexors","Obliques, Transverse Abdominis, Quadriceps"
Motion Side Plank,None,,Beginner,ABS & CORE,"Obliques, Transverse Abdominis","Rectus Abdominis, Deltoids, Glutes, Erector Spinae"
Motion Side Planks,None,,Beginner,ABS & CORE,"Obliques, Transverse Abdominis","Rectus Abdominis, Deltoids, Glutes, Erector Spinae"
Mountain Climbers,None,,Beginner,ABS & CORE,"Rectus Abdominis, Hip Flexors, Transverse Abdominis","Obliques, Quadriceps, Deltoids, Glutes, Hamstrings"
Plank,None,,Beginner,ABS & CORE,"Transverse Abdominis, Rectus Abdominis, Obliques","Erector Spinae, Glutes, Quadriceps, Deltoids"
Plank Bird Dog,None,,Beginner,ABS & CORE,"Transverse Abdominis, Erector Spinae, Rectus Abdominis","Glutes, Hamstrings, Deltoids, Obliques"
Plank Hip Flexion And Extension,None,,Beginner,ABS & CORE,"Rectus Abdominis, Hip Flexors, Transverse Abdominis","Obliques, Glutes, Quadriceps, Deltoids"
Plank Knee Tucks,None,,Beginner,ABS & CORE,"Rectus Abdominis, Hip Flexors, Transverse Abdominis","Obliques, Deltoids, Quadriceps, Glutes"
Plank On Elbows,None,,Beginner,ABS & CORE,"Transverse Abdominis, Rectus Abdominis, Obliques","Erector Spinae, Glutes, Quadriceps"
Plank Shoulder Taps,None,,Beginner,ABS & CORE,"Transverse Abdominis, Rectus Abdominis, Obliques, Deltoids","Erector Spinae, Glutes, Triceps, Pectorals"
Plank Up Down Elbows,None,,Beginner,ABS & CORE,"Transverse Abdominis, Rectus Abdominis, Triceps, Deltoids","Obliques, Erector Spinae, Pectorals, Glutes"
Plank Walk Outs - Inchworms,None,,Beginner,ABS & CORE,"Transverse Abdominis, Rectus Abdominis, Deltoids","Hamstrings, Glutes, Erector Spinae, Triceps, Pectorals"
Push Up Rotation,None,,Beginner,ABS & CORE,"Pectorals, Triceps, Deltoids, Obliques","Transverse Abdominis, Serratus Anterior, Glutes"
Pushup Downward Dog,None,,Beginner,ABS & CORE,"Pectorals, Triceps, Deltoids","Hamstrings, Glutes, Calves, Transverse Abdominis, Obliques"
Reverse Crunch (90 90),None,,Beginner,ABS & CORE,"Rectus Abdominis, Hip Flexors","Obliques, Transverse Abdominis"
Russian Leg Twists Raised Feet,None,,Beginner,ABS & CORE,"Obliques, Rectus Abdominis","Transverse Abdominis, Hip Flexors, Erector Spinae"
Russian Twists,None,,Beginner,ABS & CORE,"Obliques, Rectus Abdominis","Transverse Abdominis, Hip Flexors, Erector Spinae"
Scissor Kicks,None,,Beginner,ABS & CORE,"Rectus Abdominis, Hip Flexors","Obliques, Adductors, Quadriceps, Erector Spinae"
Seated Leg Tucks,None,,Beginner,ABS & CORE,"Rectus Abdominis, Hip Flexors","Obliques, Transverse Abdominis, Quadriceps"
Seated Side To Side Leg Raises,None,,Beginner,ABS & CORE,"Obliques, Hip Flexors","Rectus Abdominis, Adductors, Hip Abductors"
Side Crunches,None,,Beginner,ABS & CORE,Obliques,"Rectus Abdominis, Transverse Abdominis, Hip Flexors"
Side Plank Dips,None,,Beginner,ABS & CORE,"Obliques, Transverse Abdominis","Rectus Abdominis, Deltoids, Glutes, Erector Spinae"
Side Plank Left,None,,Beginner,ABS & CORE,"Obliques, Transverse Abdominis","Rectus Abdominis, Deltoids, Glutes"
Side Plank Right,None,,Beginner,ABS & CORE,"Obliques, Transverse Abdominis","Rectus Abdominis, Deltoids, Glutes"
Side Planks,None,,Beginner,ABS & CORE,"Obliques, Transverse Abdominis","Rectus Abdominis, Deltoids, Glutes, Erector Spinae"
Sit Ups,None,,Beginner,ABS & CORE,"Rectus Abdominis, Hip Flexors","Obliques, Transverse Abdominis, Erector Spinae"
Spider Plank,None,,Beginner,ABS & CORE,"Obliques, Hip Flexors, Transverse Abdominis","Rectus Abdominis, Deltoids, Glutes, Quadriceps"
Standing Knee Raises,None,,Beginner,ABS & CORE,"Hip Flexors, Rectus Abdominis","Obliques, Quadriceps, Hip Abductors"
Standing Oblique Crunches,None,,Beginner,ABS & CORE,Obliques,"Rectus Abdominis, Hip Abductors, Transverse Abdominis"
Supine Arm Leg Extension,None,,Beginner,ABS & CORE,"Transverse Abdominis, Erector Spinae, Rectus Abdominis","Glutes, Hamstrings, Deltoids, Obliques"
Toe Touches,None,,Beginner,ABS & CORE,Rectus Abdominis,"Obliques, Hip Flexors, Hamstrings"
V Sit Up,None,,Beginner,ABS & CORE,"Rectus Abdominis, Hip Flexors","Obliques, Transverse Abdominis, Quadriceps"
V-Ups,None,,Beginner,ABS & CORE,"Rectus Abdominis, Hip Flexors","Obliques, Transverse Abdominis, Quadriceps"
Weighted Crunch,Dumbbells,Weight plates,Intermediate,ABS & CORE,Rectus Abdominis,"Obliques, Transverse Abdominis, Hip Flexors, Erector Spinae"
Weighted Side Crunch,Dumbbells,Weight plates,Intermediate,ABS & CORE,Obliques,"Rectus Abdominis, Transverse Abdominis, Hip Flexors"
Whipers,None,,Beginner,ABS & CORE,"Obliques, Rectus Abdominis","Transverse Abdominis, Hip Flexors, Adductors"
Windshield Wipers,None,,Beginner,ABS & CORE,"Obliques, Rectus Abdominis","Transverse Abdominis, Hip Flexors, Adductors"
Back Machine Extension,Back Extension Machine,,Advanced,BACK,Erector Spinae,"Glutes, Hamstrings, Multifidi"
Barbell Good Mornings,Barbells,,Advanced,BACK,"Erector Spinae, Hamstrings","Glutes, Adductors, Transverse Abdominis"
Barbell Pendlay Rows,Barbells,,Advanced,BACK,"Latissimus Dorsi, Rhomboids, Trapezius","Biceps, Rear Deltoids, Erector Spinae, Brachioradialis"
Barbell Row,Barbells,,Advanced,BACK,"Latissimus Dorsi, Rhomboids, Trapezius","Biceps, Rear Deltoids, Erector Spinae, Brachioradialis"
Bat Wings,Bench press,,Advanced,BACK,"Rhomboids, Rear Deltoids","Trapezius, Biceps, Teres Major"
Bent Over Db Rows,Dumbbells,,Intermediate,BACK,"Latissimus Dorsi, Rhomboids, Trapezius","Biceps, Rear Deltoids, Erector Spinae"
Cable Lat Pull Overs,Cable machine,,Intermediate,BACK,Latissimus Dorsi,"Teres Major, Pectorals, Triceps, Rhomboids"
Cable Rope Pulldown,Cable machine,,Intermediate,BACK,Latissimus Dorsi,"Biceps, Rhomboids, Trapezius, Rear Deltoids"
Close Grip Cable Row,Cable machine,,Intermediate,BACK,"Latissimus Dorsi, Rhomboids","Biceps, Rear Deltoids, Trapezius, Erector Spinae"
Db Bent Over Rows,Dumbbells,,Intermediate,BACK,"Latissimus Dorsi, Rhomboids, Trapezius","Biceps, Rear Deltoids, Erector Spinae"
Db Renegade Rows,Dumbbells,,Intermediate,BACK,"Latissimus Dorsi, Rhomboids","Transverse Abdominis, Obliques, Triceps, Deltoids, Erector Spinae"
Db Rows Laying On Bench,Dumbbells,,Intermediate,BACK,"Latissimus Dorsi, Rhomboids","Biceps, Rear Deltoids, Trapezius"
Db Under Hand Row Bent Over,Dumbbells,,Intermediate,BACK,"Latissimus Dorsi, Biceps","Rhomboids, Trapezius, Rear Deltoids, Erector Spinae"
Db Wide Row,Dumbbells,,Intermediate,BACK,"Rhomboids, Trapezius, Rear Deltoids","Latissimus Dorsi, Biceps, Erector Spinae"
Dumbbell Chest Supported Row,Dumbbells,Barbells,Intermediate,BACK,"Latissimus Dorsi, Rhomboids, Trapezius","Biceps, Rear Deltoids"
Dumbbell Good Mornings,Dumbbells,,Intermediate,BACK,"Erector Spinae, Hamstrings","Glutes, Adductors, Transverse Abdominis"
Dumbbell Kroc Row,Dumbbells,,Intermediate,BACK,"Latissimus Dorsi, Rhomboids","Biceps, Rear Deltoids, Trapezius, Erector Spinae"
Dumbbell Pendlay Row,Dumbbells,,Intermediate,BACK,"Latissimus Dorsi, Rhomboids, Trapezius","Biceps, Rear Deltoids, Erector Spinae"
Dumbbell Wrestlers Row,Dumbbells,,Intermediate,BACK,"Latissimus Dorsi, Rhomboids","Biceps, Rear Deltoids, Trapezius"
Dumbbell Yates Row,Dumbbells,,Intermediate,BACK,"Latissimus Dorsi, Biceps","Rhomboids, Trapezius, Rear Deltoids, Erector Spinae"
Ecentric Pullup,Pull-up bar,,Advanced,BACK,Latissimus Dorsi,"Biceps, Rhomboids, Trapezius, Rear Deltoids"
Gorilla Row,Dumbbells,,Intermediate,BACK,"Latissimus Dorsi, Rhomboids","Biceps, Rear Deltoids, Trapezius, Transverse Abdominis"
Horizontal Seated Cable Rows,Cable machine,,Intermediate,BACK,"Latissimus Dorsi, Rhomboids, Trapezius","Biceps, Rear Deltoids, Erector Spinae"
Hyperextensions,Hyperextension Machine,Dumbbells,Advanced,BACK,Erector Spinae,"Glutes, Hamstrings, Transverse Abdominis"
Inverted Row,Barbells,,Advanced,BACK,"Latissimus Dorsi, Rhomboids, Trapezius","Biceps, Rear Deltoids, Transverse Abdominis"
Kettlebell Bent Over Row,Kettlebells,,Intermediate,BACK,"Latissimus Dorsi, Rhomboids","Biceps, Rear Deltoids, Trapezius, Erector Spinae"
Landmine Meadows Row,Barbells,,Advanced,BACK,"Latissimus Dorsi, Rhomboids","Biceps, Rear Deltoids, Trapezius, Erector Spinae"
One Arm Dumbbell Row,Dumbbells,Barbells,Intermediate,BACK,"Latissimus Dorsi, Rhomboids","Biceps, Rear Deltoids, Trapezius, Erector Spinae"
Pronated Pull Ups,Pull-up bar,,Advanced,BACK,Latissimus Dorsi,"Biceps, Rhomboids, Trapezius, Rear Deltoids"
Rack Pulls,Barbells,,Advanced,BACK,"Erector Spinae, Trapezius","Latissimus Dorsi, Glutes, Hamstrings, Rhomboids"
Scalpular Pull Ups,Pull-up bar,,Advanced,BACK,"Serratus Anterior, Lower Trapezius","Latissimus Dorsi, Rhomboids"
Single Arm Cable Row,Cable machine,,Intermediate,BACK,"Latissimus Dorsi, Rhomboids","Biceps, Rear Deltoids, Trapezius, Obliques"
Standard Grip Pull Ups,Pull-up bar,,Advanced,BACK,Latissimus Dorsi,"Biceps, Rhomboids, Trapezius, Rear Deltoids"
Superman Hold,Pull-up bar,,Advanced,BACK,"Erector Spinae, Glutes","Hamstrings, Rhomboids, Trapezius, Rear Deltoids"
Superman Stretch,None,,Beginner,BACK,Erector Spinae,"Glutes, Hamstrings, Rhomboids, Trapezius"
Supermans,None,,Beginner,BACK,"Erector Spinae, Glutes","Hamstrings, Rhomboids, Trapezius, Rear Deltoids"
T Bar Row,Barbells,,Advanced,BACK,"Latissimus Dorsi, Rhomboids, Trapezius","Biceps, Rear Deltoids, Erector Spinae"
V-Bar Pulldown,Cable machine,,Intermediate,BACK,Latissimus Dorsi,"Biceps, Rhomboids, Trapezius, Rear Deltoids"
V-Bar Pullup,Pull-up bar,,Advanced,BACK,Latissimus Dorsi,"Biceps, Rhomboids, Trapezius, Rear Deltoids"
Wide-Grip Lat Pulldown,Cable machine,,Intermediate,BACK,Latissimus Dorsi,"Biceps, Rhomboids, Trapezius, Rear Deltoids"
Wide-Grip Pull-Up,Cable machine,,Intermediate,BACK,Latissimus Dorsi,"Biceps, Rhomboids, Trapezius, Rear Deltoids"
Barbell 21'S,Barbells,,Advanced,BICEPS,Biceps Brachii,"Brachialis, Brachioradialis, Forearm Flexors"
Barbell Curl,Barbells,,Advanced,BICEPS,Biceps Brachii,"Brachialis, Brachioradialis, Forearm Flexors"
Bicep Push Up,None,,Beginner,BICEPS,"Biceps Brachii, Pectorals","Triceps, Deltoids, Brachialis"
Cable Handles Bicep Curl,Cable machine,,Intermediate,BICEPS,Biceps Brachii,"Brachialis, Brachioradialis, Forearm Flexors"
Cable Reverse Grip Bar Curl,Cable machine,,Intermediate,BICEPS,"Brachioradialis, Brachialis","Biceps Brachii, Forearm Extensors"
Cable Rope Curls,Cable machine,,Intermediate,BICEPS,"Biceps Brachii, Brachialis","Brachioradialis, Forearm Flexors"
Cable Squat Bicep Curls,Cable machine,,Intermediate,BICEPS,"Biceps Brachii, Quadriceps, Glutes","Brachialis, Brachioradialis, Hamstrings"
Close Grip Barbell Curls,Barbells,,Advanced,BICEPS,Biceps Brachii (Short Head),"Brachialis, Brachioradialis"
Close Grip Preacher Curls,Barbells,Preacher Curl Machine,Advanced,BICEPS,Biceps Brachii (Short Head),"Brachialis, Forearm Flexors"
Crucifix Curl - Single Arm,Cable machine,,Intermediate,BICEPS,Biceps Brachii,"Brachialis, Brachioradialis, Deltoids"
Db Alternating Curls,Dumbbells,,Intermediate,BICEPS,Biceps Brachii,"Brachialis, Brachioradialis, Forearm Flexors"
Db Arnold Curl,Dumbbells,,Intermediate,BICEPS,Biceps Brachii,"Brachialis, Brachioradialis, Forearm Flexors"
Db Cross Curl,Dumbbells,,Intermediate,BICEPS,Biceps Brachii,"Brachialis, Brachioradialis"
Db Curls Close Grip,Dumbbells,,Intermediate,BICEPS,Biceps Brachii (Short Head),"Brachialis, Brachioradialis"
Db Hammer Curls,Dumbbells,,Intermediate,BICEPS,"Brachialis, Brachioradialis","Biceps Brachii, Forearm Flexors"
Db Preacher Curl Single Arm,Dumbbells,Preacher Curl Machine,Intermediate,BICEPS,Biceps Brachii,"Brachialis, Forearm Flexors"
Db Rotating Curls Single Arm,Dumbbells,Bench press,Intermediate,BICEPS,Biceps Brachii,"Brachialis, Brachioradialis, Forearm Flexors"
Db Spder Curls,Dumbbells,,Intermediate,BICEPS,Biceps Brachii,"Brachialis, Brachioradialis"
Drag Curls -,None,,Beginner,BICEPS,Biceps Brachii (Long Head),"Brachialis, Brachioradialis"
Dumbbell Curls,None,,Beginner,BICEPS,Biceps Brachii,"Brachialis, Brachioradialis, Forearm Flexors"
Ez Bar Curl,Barbells,,Advanced,BICEPS,Biceps Brachii,"Brachialis, Brachioradialis"
Ez Bar Curl Inside Grip,Barbells,,Advanced,BICEPS,Biceps Brachii (Short Head),"Brachialis, Brachioradialis"
Ez Bar Curls,Barbells,,Advanced,BICEPS,Biceps Brachii,"Brachialis, Brachioradialis"
Ez Bar Preacher Curls,Barbells,Preacher Curl Machine,Advanced,BICEPS,Biceps Brachii,"Brachialis, Forearm Flexors"
Hammer Curls,Dumbbells,,Intermediate,BICEPS,"Brachialis, Brachioradialis","Biceps Brachii, Forearm Flexors"
Kettlebell Bicep Curl,Kettlebells,,Intermediate,BICEPS,Biceps Brachii,"Brachialis, Brachioradialis, Forearm Flexors"
Machine Preacher Curls,None,,Beginner,BICEPS,Biceps Brachii,"Brachialis, Forearm Flexors"
Reverse Barbell Curl,Barbells,,Advanced,BICEPS,"Brachioradialis, Brachialis","Forearm Extensors, Biceps Brachii"
Reverse Db Curl,Dumbbells,,Intermediate,BICEPS,"Brachioradialis, Brachialis","Forearm Extensors, Biceps Brachii"
Seated Concentration Curls,Dumbbells,,Intermediate,BICEPS,Biceps Brachii,"Brachialis, Forearm Flexors"
Seated Db Curls,Dumbbells,,Intermediate,BICEPS,Biceps Brachii,"Brachialis, Brachioradialis, Forearm Flexors"
Seated Hammer Curls,Dumbbells,,Intermediate,BICEPS,"Brachialis, Brachioradialis","Biceps Brachii, Forearm Flexors"
Seated Incline Dumbbell Curls,Dumbbells,,Intermediate,BICEPS,Biceps Brachii (Long Head),"Brachialis, Brachioradialis"
Spider Bicep Cable Curls,Cable machine,Incline Bench,Intermediate,BICEPS,Biceps Brachii,"Brachialis, Forearm Flexors"
Squat Bicep Curls,Dumbbells,,Intermediate,BICEPS,"Biceps Brachii, Quadriceps, Glutes","Brachialis, Hamstrings, Erector Spinae"
Standing Biceps Cable Curl,Cable machine,,Intermediate,BICEPS,Biceps Brachii,"Brachialis, Brachioradialis, Forearm Flexors"
V-Bar Bicep Curls,Cable machine,,Intermediate,BICEPS,Biceps Brachii,"Brachialis, Brachioradialis"
Burpees,None,,Beginner,CARDIO,"Quadriceps, Glutes, Pectorals, Deltoids, Rectus Abdominis","Triceps, Hamstrings, Gastrocnemius, Soleus"
Butt Kicks,None,,Beginner,CARDIO,"Hamstrings, Gastrocnemius","Glutes, Quadriceps, Hip Flexors"
High Knees,None,,Beginner,CARDIO,"Hip Flexors, Rectus Abdominis","Quadriceps, Hamstrings, Gastrocnemius, Obliques"
Jump Rope,Jump rope,,Advanced,CARDIO,"Gastrocnemius, Soleus","Quadriceps, Hamstrings, Glutes, Deltoids, Forearm Flexors"
Jumping Lunges,None,,Beginner,CARDIO,"Quadriceps, Glutes, Hamstrings","Gastrocnemius, Hip Flexors, Erector Spinae"
Lateral Bounds,None,,Beginner,CARDIO,"Glutes, Quadriceps, Gastrocnemius","Hamstrings, Hip Abductors, Adductors"
Plank Jacks,None,,Beginner,CARDIO,"Transverse Abdominis, Hip Abductors, Deltoids","Rectus Abdominis, Obliques, Glutes, Quadriceps"
Plank To Squat,None,,Beginner,CARDIO,"Quadriceps, Glutes, Transverse Abdominis","Hamstrings, Gastrocnemius, Deltoids, Erector Spinae"
Running In Place,None,,Beginner,CARDIO,"Quadriceps, Hamstrings, Gastrocnemius","Glutes, Hip Flexors, Soleus"
Seal Jacks,None,,Beginner,CARDIO,"Deltoids, Pectorals, Gastrocnemius","Glutes, Hip Abductors, Quadriceps, Rhomboids"
Skater Jumps,None,,Beginner,CARDIO,"Glutes, Quadriceps, Hip Abductors","Hamstrings, Gastrocnemius, Adductors"
Star Jumps,None,,Beginner,CARDIO,"Quadriceps, Glutes, Deltoids","Hamstrings, Gastrocnemius, Hip Abductors"
Star Jumps- Jumping Jacks,None,,Beginner,CARDIO,"Quadriceps, Glutes, Deltoids","Hamstrings, Gastrocnemius, Hip Abductors"
Tuck Jumps,None,,Beginner,CARDIO,"Quadriceps, Glutes, Hip Flexors","Hamstrings, Gastrocnemius, Rectus Abdominis"
Archer Push Up,None,,Beginner,CHEST,"Pectorals (Unilateral), Triceps, Deltoids","Serratus Anterior, Transverse Abdominis, Biceps"
Barbell Bench Press - Medium Grip,Barbells,Incline Bench,Advanced,CHEST,"Pectorals, Triceps, Anterior Deltoids","Serratus Anterior, Rhomboids"
Barbell Incline Bench Press - Medium Grip,Barbells,Incline Bench,Advanced,CHEST,"Upper Pectorals, Triceps, Anterior Deltoids","Serratus Anterior, Rhomboids"
Bent Over One Arm Cable Chest Press,Cable machine,,Intermediate,CHEST,"Pectorals, Triceps, Anterior Deltoids","Serratus Anterior, Obliques"
Cable Chest Fly - Low To High-,Cable machine,,Intermediate,CHEST,Upper Pectorals,"Anterior Deltoids, Serratus Anterior, Biceps"
Cable Cross Over,Cable machine,,Intermediate,CHEST,Pectorals,"Anterior Deltoids, Serratus Anterior, Biceps"
Cable Pallof Press,Cable machine,,Intermediate,CHEST,"Transverse Abdominis, Obliques, Pectorals","Deltoids, Erector Spinae, Glutes"
Chest Dips,Dip Machine,,Advanced,CHEST,"Pectorals (Lower), Triceps, Anterior Deltoids","Rhomboids, Serratus Anterior"
Chest Tap Push-Up,None,,Beginner,CHEST,"Pectorals, Triceps, Deltoids, Transverse Abdominis","Serratus Anterior, Obliques, Glutes"
Clap Push Up,None,,Beginner,CHEST,"Pectorals, Triceps, Anterior Deltoids","Serratus Anterior, Transverse Abdominis"
Close-Grip Barbell Bench Press,Barbells,Bench press,Advanced,CHEST,"Triceps, Pectorals (Inner), Anterior Deltoids",Serratus Anterior
Commando Push Up,None,,Beginner,CHEST,"Pectorals, Triceps, Deltoids","Obliques, Transverse Abdominis, Serratus Anterior"
Db Fly On Step,Dumbbells,,Intermediate,CHEST,Pectorals,"Anterior Deltoids, Serratus Anterior, Biceps"
Db Press On Step,Dumbbells,Bench press,Intermediate,CHEST,"Pectorals, Triceps, Anterior Deltoids",Serratus Anterior
Db Pull Over,Dumbbells,,Intermediate,CHEST,"Pectorals, Latissimus Dorsi","Triceps, Serratus Anterior, Teres Major"
Db Standing Upper Chest Flyes,Dumbbells,,Intermediate,CHEST,Upper Pectorals,"Anterior Deltoids, Serratus Anterior"
Decline Barbell Bench Press,Barbells,Incline Bench,Advanced,CHEST,"Lower Pectorals, Triceps, Anterior Deltoids",Serratus Anterior
Decline Dumbbell Bench Press,Dumbbells,Incline Bench,Intermediate,CHEST,"Lower Pectorals, Triceps, Anterior Deltoids",Serratus Anterior
Decline Push Up,None,Plyometric box,Beginner,CHEST,"Upper Pectorals, Anterior Deltoids, Triceps","Serratus Anterior, Transverse Abdominis"
Diamond Push Ups,None,,Beginner,CHEST,"Triceps, Pectorals (Inner), Anterior Deltoids","Serratus Anterior, Transverse Abdominis"
Diamond Push Ups - Close Grip Push Up,None,,Beginner,CHEST,"Triceps, Pectorals (Inner), Anterior Deltoids",Serratus Anterior
Diamond Push Ups On Knees,None,,Beginner,CHEST,"Triceps, Pectorals (Inner), Anterior Deltoids",Serratus Anterior
Dumbbell Bench Press,Dumbbells,Bench press,Intermediate,CHEST,"Pectorals, Triceps, Anterior Deltoids","Serratus Anterior, Rhomboids"
Dumbbell Flies - Stability Ball,Dumbbells,Stability ball (Swiss ball),Intermediate,CHEST,Pectorals,"Anterior Deltoids, Serratus Anterior, Transverse Abdominis"
Dumbbell Flyes,Dumbbells,Bench press,Intermediate,CHEST,Pectorals,"Anterior Deltoids, Serratus Anterior, Biceps"
Dumbbell Flyes - Floor,Dumbbells,,Intermediate,CHEST,Pectorals,"Anterior Deltoids, Serratus Anterior, Biceps"
Dumbbell Hammer Press - Floor,Dumbbells,,Intermediate,CHEST,"Pectorals, Triceps, Anterior Deltoids",Serratus Anterior
Dumbbell Incline Press - Stability Ball,Dumbbells,Stability ball,Intermediate,CHEST,"Upper Pectorals, Triceps, Anterior Deltoids","Serratus Anterior, Transverse Abdominis"
Dumbbell Press - Stability Ball,Dumbbells,Stability ball (Swiss ball),Intermediate,CHEST,"Pectorals, Triceps, Anterior Deltoids","Serratus Anterior, Transverse Abdominis, Erector Spinae"
Dumbbell Press- Floor,Dumbbells,,Intermediate,CHEST,"Pectorals, Triceps, Anterior Deltoids",Serratus Anterior
Dumbbell Push Up,Dumbbells,,Intermediate,CHEST,"Pectorals, Triceps, Anterior Deltoids","Serratus Anterior, Transverse Abdominis"
Dumbbell Svend Press,Dumbbells,,Intermediate,CHEST,Pectorals (Inner),"Anterior Deltoids, Triceps, Serratus Anterior"
Dumbell Crush Press - Squeeze Press,Dumbbells,Bench press,Intermediate,CHEST,"Pectorals (Inner), Triceps","Anterior Deltoids, Serratus Anterior"
Explosive Pushup,None,,Beginner,CHEST,"Pectorals, Triceps, Anterior Deltoids","Serratus Anterior, Transverse Abdominis"
Hand Release Push-Up,None,,Beginner,CHEST,"Pectorals, Triceps, Anterior Deltoids","Serratus Anterior, Erector Spinae, Transverse Abdominis"
Hand Release Push-Up - Plyo Push Up,None,,Beginner,CHEST,"Pectorals, Triceps, Anterior Deltoids","Serratus Anterior, Erector Spinae"
High To Low Cable Fly,Cable machine,,Intermediate,CHEST,Lower Pectorals,"Anterior Deltoids, Serratus Anterior, Biceps"
Incline Cable Chest Press,Cable machine,Incline Bench,Intermediate,CHEST,"Upper Pectorals, Triceps, Anterior Deltoids",Serratus Anterior
Incline Diamond Pushups,Incline Bench,,Advanced,CHEST,"Triceps, Lower Pectorals, Anterior Deltoids",Serratus Anterior
Incline Dumbbell Flyes,Dumbbells,Incline Bench,Intermediate,CHEST,Upper Pectorals,"Anterior Deltoids, Serratus Anterior, Biceps"
Incline Dumbbell Press,Dumbbells,Incline Bench,Intermediate,CHEST,"Upper Pectorals, Triceps, Anterior Deltoids","Serratus Anterior, Rhomboids"
Incline Push Up Rotation,Incline Bench,,Advanced,CHEST,"Pectorals, Triceps, Deltoids, Obliques","Transverse Abdominis, Serratus Anterior"
Incline Push Up With Bench,Bench press,,Advanced,CHEST,"Lower Pectorals, Triceps, Anterior Deltoids",Serratus Anterior
Leverage Chest Press,Leverage Chest Press,,Advanced,CHEST,"Pectorals, Triceps, Anterior Deltoids",Serratus Anterior
Leverage Incline Chest Press,Leverage Chest Press,,Advanced,CHEST,"Upper Pectorals, Triceps, Anterior Deltoids",Serratus Anterior
Machine Chest Press,Chest Press Machine,,Advanced,CHEST,"Pectorals, Triceps, Anterior Deltoids",Serratus Anterior
Machine Pec Deck Fly,Pec Deck,,Advanced,CHEST,Pectorals,"Anterior Deltoids, Serratus Anterior"
Pseudo Push Up,None,,Beginner,CHEST,"Triceps, Pectorals, Anterior Deltoids, Serratus Anterior","Transverse Abdominis, Wrist Flexors"
Push Up On Knees,None,,Beginner,CHEST,"Pectorals, Triceps, Anterior Deltoids",Serratus Anterior
Push Ups,None,,Beginner,CHEST,"Pectorals, Triceps, Anterior Deltoids","Serratus Anterior, Transverse Abdominis"
Pushups,None,,Beginner,CHEST,"Pectorals, Triceps, Anterior Deltoids","Serratus Anterior, Transverse Abdominis"
Scapular Push-Ups,None,,Beginner,CHEST,Serratus Anterior,"Rhomboids, Trapezius, Pectorals"
Seated Leverage Decline Chest Press,Leverage Chest Press,,Advanced,CHEST,"Lower Pectorals, Triceps, Anterior Deltoids",Serratus Anterior
Single-Arm Cable Crossover,Cable machine,,Intermediate,CHEST,Pectorals,"Anterior Deltoids, Serratus Anterior, Obliques"
Smith Machine Bench Press,Smith Machine,,Advanced,CHEST,"Pectorals, Triceps, Anterior Deltoids",Serratus Anterior
Smith Machine Decline Bench Press,Smith Machine,,Advanced,CHEST,"Lower Pectorals, Triceps, Anterior Deltoids",Serratus Anterior
Smith Machine Incline Bench Press,Smith Machine,,Advanced,CHEST,"Upper Pectorals, Triceps, Anterior Deltoids",Serratus Anterior
Spider Push Ups,None,,Beginner,CHEST,"Pectorals, Triceps, Anterior Deltoids","Obliques, Transverse Abdominis, Serratus Anterior"
Standing Cable Chest Press,Cable machine,,Intermediate,CHEST,"Pectorals, Triceps, Anterior Deltoids","Transverse Abdominis, Serratus Anterior"
Straight-Arm Dumbbell Pullover,Dumbbells,Incline Bench,Intermediate,CHEST,"Latissimus Dorsi, Pectorals","Triceps, Serratus Anterior, Teres Major"
Svend Press,Barbells,,Advanced,CHEST,Pectorals (Inner),"Anterior Deltoids, Triceps, Serratus Anterior"
T-Push Ups,None,,Beginner,CHEST,"Pectorals, Triceps, Deltoids, Obliques","Transverse Abdominis, Serratus Anterior"
Uneven Push Up,Dumbbells,,Intermediate,CHEST,"Pectorals (Unilateral), Triceps, Deltoids","Serratus Anterior, Transverse Abdominis"
Wall Pushups,None,,Beginner,CHEST,"Pectorals, Triceps, Anterior Deltoids",Serratus Anterior
Weighted Push Up,Weighted Vest,,Advanced,CHEST,"Pectorals, Triceps, Anterior Deltoids","Serratus Anterior, Transverse Abdominis"
Wide Push Ups,None,,Beginner,CHEST,"Pectorals (Outer), Triceps, Anterior Deltoids","Serratus Anterior, Transverse Abdominis"
Wide Pushups,None,,Beginner,CHEST,"Pectorals (Outer), Triceps, Anterior Deltoids","Serratus Anterior, Transverse Abdominis"
Reverse Wrist Curl Single Db,Dumbbells,,Intermediate,FOREARMS,Forearm Extensors (Brachioradialis),"Brachialis, Biceps"
Db Wrist Curls,Dumbbells,,Intermediate,FOREARMS,Forearm Flexors (Wrist Flexors),"Brachioradialis, Brachialis"
Back Squats,Barbells,,Advanced,LEGS & GLUTES,"Quadriceps, Glutes","Hamstrings, Erector Spinae, Adductors, Gastrocnemius"
Banded Clam Shells,Resistance bands,,Advanced,LEGS & GLUTES,"Gluteus Medius, Hip Abductors","Gluteus Maximus, Piriformis, Hip External Rotators"
Barbell Deadlift,Barbells,,Advanced,LEGS & GLUTES,"Erector Spinae, Glutes, Hamstrings","Quadriceps, Trapezius, Rhomboids, Forearm Flexors"
Barbell Hip Thrusts,Barbells,Incline Bench,Advanced,LEGS & GLUTES,Glutes (Gluteus Maximus),"Hamstrings, Erector Spinae, Adductors"
Barbell Seated Calf Raise,Barbells,,Advanced,LEGS & GLUTES,Soleus,"Gastrocnemius, Tibialis Posterior"
Barbell Sumo Squats,Barbells,,Advanced,LEGS & GLUTES,"Glutes, Adductors, Quadriceps","Hamstrings, Erector Spinae, Gastrocnemius"
Bodyweight Squats,None,,Beginner,LEGS & GLUTES,"Quadriceps, Glutes","Hamstrings, Erector Spinae, Gastrocnemius"
Box Jumps,Incline Bench,Plyometric box,Advanced,LEGS & GLUTES,"Quadriceps, Glutes, Gastrocnemius","Hamstrings, Hip Flexors, Erector Spinae"
Box Jumps With Bench,Bench press,,Advanced,LEGS & GLUTES,"Quadriceps, Glutes, Gastrocnemius","Hamstrings, Hip Flexors, Erector Spinae"
Broad Jumps,None,,Beginner,LEGS & GLUTES,"Quadriceps, Glutes, Gastrocnemius","Hamstrings, Hip Flexors, Erector Spinae"
Bulgarian Split Squat Left,Incline Bench,Plyometric box,Advanced,LEGS & GLUTES,"Quadriceps (Front Leg), Glutes","Hamstrings, Gastrocnemius, Erector Spinae"
Bulgarian Split Squat Right,Incline Bench,Plyometric box,Advanced,LEGS & GLUTES,"Quadriceps (Front Leg), Glutes","Hamstrings, Gastrocnemius, Erector Spinae"
Bulgarian Split Squats,Medicine Ball,,Advanced,LEGS & GLUTES,"Quadriceps, Glutes","Hamstrings, Gastrocnemius, Erector Spinae, Hip Flexors"
Cable Abduction,Cable machine,,Intermediate,LEGS & GLUTES,Hip Abductors (Gluteus Medius),"Gluteus Maximus, Tensor Fasciae Latae"
Cable Kick Backs,Cable machine,,Intermediate,LEGS & GLUTES,Glutes (Gluteus Maximus),"Hamstrings, Hip Extensors"
Calf Press On The Leg Press Machine,Leg Press,,Advanced,LEGS & GLUTES,Gastrocnemius,"Soleus, Tibialis Posterior"
Cossack Squat,None,,Beginner,LEGS & GLUTES,"Quadriceps, Adductors, Glutes","Hamstrings, Gastrocnemius, Hip Flexors"
Db Calf Raises,Dumbbells,,Intermediate,LEGS & GLUTES,Gastrocnemius,"Soleus, Tibialis Posterior"
Db Goblet Squat,Dumbbells,,Intermediate,LEGS & GLUTES,"Quadriceps, Glutes","Hamstrings, Erector Spinae, Adductors, Gastrocnemius"
Db Leg Extensions,Dumbbells,,Intermediate,LEGS & GLUTES,Quadriceps,Hip Flexors
Db Lying Leg Curls,Dumbbells,,Intermediate,LEGS & GLUTES,Hamstrings,"Glutes, Gastrocnemius"
Db Seated Calf Raises,Dumbbells,,Intermediate,LEGS & GLUTES,Soleus,"Gastrocnemius, Tibialis Posterior"
Db Squats,Dumbbells,,Intermediate,LEGS & GLUTES,"Quadriceps, Glutes","Hamstrings, Erector Spinae, Gastrocnemius"
Db Step Up,Dumbbells,,Intermediate,LEGS & GLUTES,"Quadriceps, Glutes","Hamstrings, Gastrocnemius, Erector Spinae"
Db Sumo Squat,Dumbbells,,Intermediate,LEGS & GLUTES,"Adductors, Glutes, Quadriceps","Hamstrings, Erector Spinae, Gastrocnemius"
Deadlift,Barbells,,Advanced,LEGS & GLUTES,"Erector Spinae, Glutes, Hamstrings","Quadriceps, Trapezius, Rhomboids, Forearm Flexors"
Donkey Kicks Left,None,,Beginner,LEGS & GLUTES,Glutes (Gluteus Maximus),"Hamstrings, Erector Spinae"
Donkey Kicks Right,None,,Beginner,LEGS & GLUTES,Glutes (Gluteus Maximus),"Hamstrings, Erector Spinae"
Duck Walks,None,,Beginner,LEGS & GLUTES,"Quadriceps, Glutes","Adductors, Hamstrings, Gastrocnemius"
Dumbbell Bulgarian Split Squat,Dumbbells,Incline Bench,Intermediate,LEGS & GLUTES,"Quadriceps, Glutes","Hamstrings, Gastrocnemius, Erector Spinae, Hip Flexors"
Dumbbell Dead Lifts - Full Range,Dumbbells,,Intermediate,LEGS & GLUTES,"Erector Spinae, Glutes, Hamstrings","Quadriceps, Trapezius, Forearm Flexors"
Dumbbell Deadlifts,Dumbbells,,Intermediate,LEGS & GLUTES,"Erector Spinae, Glutes, Hamstrings","Quadriceps, Trapezius, Forearm Flexors"
Dumbbell Hip Thrust,Dumbbells,Incline Bench,Intermediate,LEGS & GLUTES,Glutes (Gluteus Maximus),"Hamstrings, Erector Spinae, Adductors"
Dumbbell Jump Squats,Dumbbells,,Intermediate,LEGS & GLUTES,"Quadriceps, Glutes, Gastrocnemius","Hamstrings, Erector Spinae"
Dumbbell Lateral Lunge,Dumbbells,,Intermediate,LEGS & GLUTES,"Adductors, Quadriceps, Glutes","Hamstrings, Gastrocnemius, Erector Spinae"
Dumbbell Lunges,Dumbbells,,Intermediate,LEGS & GLUTES,"Quadriceps, Glutes","Hamstrings, Gastrocnemius, Erector Spinae"
Dumbbell Reverse Lunges,Dumbbells,,Intermediate,LEGS & GLUTES,"Quadriceps, Glutes","Hamstrings, Gastrocnemius, Erector Spinae"
Dumbbell Staggered Stance Rdl,Dumbbells,,Intermediate,LEGS & GLUTES,"Hamstrings, Glutes (Single Leg Emphasis)","Erector Spinae, Adductors, Gastrocnemius"
Explosive Bulgarian Jump,Incline Bench,,Advanced,LEGS & GLUTES,"Quadriceps, Glutes, Gastrocnemius","Hamstrings, Hip Flexors, Erector Spinae"
Fire Hydrants Left,None,,Beginner,LEGS & GLUTES,"Gluteus Medius, Hip Abductors","Gluteus Maximus, Hip External Rotators"
Fire Hydrants Right,None,,Beginner,LEGS & GLUTES,"Gluteus Medius, Hip Abductors","Gluteus Maximus, Hip External Rotators"
Floor Glute Bridge,None,,Beginner,LEGS & GLUTES,Glutes (Gluteus Maximus),"Hamstrings, Erector Spinae, Transverse Abdominis"
Floor Hip Thrusts,None,,Beginner,LEGS & GLUTES,Glutes (Gluteus Maximus),"Hamstrings, Erector Spinae, Adductors"
Frog Jumps,None,,Beginner,LEGS & GLUTES,"Quadriceps, Glutes, Adductors","Hamstrings, Gastrocnemius, Hip Flexors"
Frog Pumps,Barbells,,Advanced,LEGS & GLUTES,"Glutes (Gluteus Maximus), Adductors","Hamstrings, Hip External Rotators"
Front Squat,Barbells,,Advanced,LEGS & GLUTES,"Quadriceps, Glutes","Erector Spinae, Adductors, Gastrocnemius, Core"
Glute Bridge,None,,Beginner,LEGS & GLUTES,Glutes (Gluteus Maximus),"Hamstrings, Erector Spinae, Transverse Abdominis"
Glute Ham Raise,Reverse Sit-up Machine,,Advanced,LEGS & GLUTES,"Hamstrings, Glutes","Erector Spinae, Gastrocnemius"
Goblet Squat Heels Elevated,Dumbbells,Barbells,Intermediate,LEGS & GLUTES,"Quadriceps, Glutes","Hamstrings, Erector Spinae, Adductors"
Hack Squat,45 Leg Press,,Advanced,LEGS & GLUTES,Quadriceps,"Glutes, Hamstrings, Gastrocnemius"
Hamstring Curl Stability Ball,Stability ball (Swiss ball),,Advanced,LEGS & GLUTES,Hamstrings,"Glutes, Gastrocnemius, Erector Spinae, Transverse Abdominis"
Hamstring Curl Stability Ball - Single Leg,Stability ball (Swiss ball),,Advanced,LEGS & GLUTES,Hamstrings,"Glutes, Gastrocnemius, Transverse Abdominis"
Hamstring Nordic Curls,Nordic Curl Machine,,Advanced,LEGS & GLUTES,Hamstrings,"Glutes, Gastrocnemius"
Hip Abductor,Hip Abductor,,Advanced,LEGS & GLUTES,Hip Abductors (Gluteus Medius),"Gluteus Maximus, Tensor Fasciae Latae"
Hip Thrust Single Leg,Dumbbells,,Intermediate,LEGS & GLUTES,Glutes (Gluteus Maximus),"Hamstrings, Erector Spinae"
Jump Split Squat,None,,Beginner,LEGS & GLUTES,"Quadriceps, Glutes, Gastrocnemius","Hamstrings, Hip Flexors"
Jump Squat Pause,None,,Beginner,LEGS & GLUTES,"Quadriceps, Glutes, Gastrocnemius","Hamstrings, Erector Spinae, Hip Flexors"
Jump Squats,None,,Beginner,LEGS & GLUTES,"Quadriceps, Glutes, Gastrocnemius","Hamstrings, Erector Spinae"
Jumping Lunges,None,,Beginner,LEGS & GLUTES,"Quadriceps, Glutes, Hamstrings","Gastrocnemius, Hip Flexors, Erector Spinae"
Jumping Squats,None,,Beginner,LEGS & GLUTES,"Quadriceps, Glutes, Gastrocnemius","Hamstrings, Erector Spinae"
Kettlebell Goblet Squat,Kettlebells,,Intermediate,LEGS & GLUTES,"Quadriceps, Glutes","Hamstrings, Erector Spinae, Adductors"
Kettlebell Lunge,Kettlebells,,Intermediate,LEGS & GLUTES,"Quadriceps, Glutes","Hamstrings, Gastrocnemius, Erector Spinae"
Landmine Curtsy Lunge,Barbells,,Advanced,LEGS & GLUTES,"Glutes, Adductors, Quadriceps","Hamstrings, Erector Spinae, Gastrocnemius"
Landmine Squat,Barbells,,Advanced,LEGS & GLUTES,"Quadriceps, Glutes","Hamstrings, Erector Spinae, Adductors"
Landmine Sumo Deadlift,Barbells,,Advanced,LEGS & GLUTES,"Glutes, Adductors, Hamstrings","Erector Spinae, Quadriceps"
Landmine Thruster,Barbells,,Advanced,LEGS & GLUTES,"Quadriceps, Glutes, Deltoids","Hamstrings, Triceps, Erector Spinae"
Leg Extensions,Leg Extension Machine,,Advanced,LEGS & GLUTES,Quadriceps,Hip Flexors
Leg Press,Leg Press,,Advanced,LEGS & GLUTES,"Quadriceps, Glutes","Hamstrings, Gastrocnemius, Adductors"
Lunges,None,,Beginner,LEGS & GLUTES,"Quadriceps, Glutes","Hamstrings, Gastrocnemius, Erector Spinae"
Lying Leg Curls,Leg Extension Machine,,Advanced,LEGS & GLUTES,Hamstrings,"Glutes, Gastrocnemius"
Pile Squats,None,,Beginner,LEGS & GLUTES,"Adductors, Glutes, Quadriceps","Hamstrings, Erector Spinae, Gastrocnemius"
Plank Leg Lifts,None,,Beginner,LEGS & GLUTES,"Glutes, Hamstrings","Transverse Abdominis, Erector Spinae, Deltoids"
Pull Throughs,Cable machine,,Intermediate,LEGS & GLUTES,"Glutes, Hamstrings","Erector Spinae, Adductors"
Reverse Hyperextension With Bench,Incline Bench,,Advanced,LEGS & GLUTES,"Glutes, Hamstrings","Erector Spinae, Hip Extensors"
Reverse Lunge,None,,Beginner,LEGS & GLUTES,"Quadriceps, Glutes","Hamstrings, Gastrocnemius, Erector Spinae"
Romanian Dead Lift,Barbells,,Advanced,LEGS & GLUTES,"Hamstrings, Glutes","Erector Spinae, Adductors, Gastrocnemius"
Romanian Dumbbell Deadlift,Dumbbells,,Intermediate,LEGS & GLUTES,"Hamstrings, Glutes","Erector Spinae, Adductors, Gastrocnemius"
Seated Calf Raise Machine,Calf Raise Machine,,Advanced,LEGS & GLUTES,Soleus,"Gastrocnemius, Tibialis Posterior"
Seated Dumbbell Calf Raises,Dumbbells,,Intermediate,LEGS & GLUTES,Soleus,"Gastrocnemius, Tibialis Posterior"
Side Lunges - Left,None,,Beginner,LEGS & GLUTES,"Adductors, Quadriceps, Glutes","Hamstrings, Gastrocnemius"
Side Lunges - Right,None,,Beginner,LEGS & GLUTES,"Adductors, Quadriceps, Glutes","Hamstrings, Gastrocnemius"
Side Shuffles,None,,Beginner,LEGS & GLUTES,"Hip Abductors, Adductors, Quadriceps","Glutes, Gastrocnemius, Hamstrings"
Side-Lying Leg Lifts - Left,None,,Beginner,LEGS & GLUTES,Hip Abductors (Gluteus Medius),"Gluteus Maximus, Tensor Fasciae Latae"
Side-Lying Leg Lifts - Right,None,,Beginner,LEGS & GLUTES,Hip Abductors (Gluteus Medius),"Gluteus Maximus, Tensor Fasciae Latae"
Single Leg Calf Raise,None,,Beginner,LEGS & GLUTES,Gastrocnemius,"Soleus, Tibialis Posterior"
Single Leg Dumbbell Lunges,Dumbbells,,Intermediate,LEGS & GLUTES,"Quadriceps, Glutes","Hamstrings, Gastrocnemius, Erector Spinae"
Single Leg Dumbbell Split Squats,Dumbbells,,Intermediate,LEGS & GLUTES,"Quadriceps, Glutes","Hamstrings, Gastrocnemius, Erector Spinae"
Single-Leg Hip Extension,None,,Beginner,LEGS & GLUTES,Glutes (Gluteus Maximus),"Hamstrings, Erector Spinae"
Single-Leg Squats,None,,Beginner,LEGS & GLUTES,"Quadriceps, Glutes","Hamstrings, Gastrocnemius, Hip Abductors, Erector Spinae"
Skater Jumps,None,,Beginner,LEGS & GLUTES,"Glutes, Quadriceps, Hip Abductors","Hamstrings, Gastrocnemius, Adductors"
Smith Machine Reverse Calf Raises,Smith Machine,,Advanced,LEGS & GLUTES,Tibialis Anterior,"Extensor Digitorum, Peroneus Tertius"
Split Squat Jump,None,,Beginner,LEGS & GLUTES,"Quadriceps, Glutes, Gastrocnemius","Hamstrings, Hip Flexors"
Squat - Low Bar,Barbells,,Advanced,LEGS & GLUTES,"Glutes, Quadriceps","Hamstrings, Erector Spinae, Adductors, Gastrocnemius"
Squat Hold With Calf Raises,None,,Beginner,LEGS & GLUTES,"Quadriceps, Glutes, Gastrocnemius","Hamstrings, Erector Spinae, Soleus"
Squat Pulses - Bodyweight,None,,Beginner,LEGS & GLUTES,"Quadriceps, Glutes","Hamstrings, Erector Spinae, Gastrocnemius"
Squat With Pause,None,,Beginner,LEGS & GLUTES,"Quadriceps, Glutes","Hamstrings, Erector Spinae, Adductors, Gastrocnemius"
Squats,None,,Beginner,LEGS & GLUTES,"Quadriceps, Glutes","Hamstrings, Erector Spinae, Adductors, Gastrocnemius"
Standing Calf Raise,Barbells,,Advanced,LEGS & GLUTES,Gastrocnemius,"Soleus, Tibialis Posterior"
Standing Calf Raises,Barbells,,Advanced,LEGS & GLUTES,Gastrocnemius,"Soleus, Tibialis Posterior"
Step Ups,Step platform,,Advanced,LEGS & GLUTES,"Quadriceps, Glutes","Hamstrings, Gastrocnemius, Erector Spinae"
Sumo Deadlift,Barbells,,Advanced,LEGS & GLUTES,"Adductors, Glutes, Quadriceps","Hamstrings, Erector Spinae, Trapezius"
Sumo Squats - Bodyweight,None,,Beginner,LEGS & GLUTES,"Adductors, Glutes, Quadriceps","Hamstrings, Erector Spinae"
Walking Lunge Barbell,Barbells,,Advanced,LEGS & GLUTES,"Quadriceps, Glutes","Hamstrings, Gastrocnemius, Erector Spinae"
Walking Lunge Dumbbell,Dumbbells,,Intermediate,LEGS & GLUTES,"Quadriceps, Glutes","Hamstrings, Gastrocnemius, Erector Spinae"
Wall Sit,None,,Beginner,LEGS & GLUTES,"Quadriceps, Glutes","Hamstrings, Gastrocnemius, Erector Spinae"
Wall Sits,None,,Beginner,LEGS & GLUTES,"Quadriceps, Glutes","Hamstrings, Gastrocnemius, Erector Spinae"
Resistance Band Bicep Curls,None,,Beginner,RESISTANCE BAND,Biceps Brachii,"Brachialis, Brachioradialis, Forearm Flexors"
Resistance Band Hip Abduction,None,,Beginner,RESISTANCE BAND,Hip Abductors (Gluteus Medius),"Gluteus Maximus, Tensor Fasciae Latae"
Resistance Band Kneeling Crunch,None,,Beginner,RESISTANCE BAND,Rectus Abdominis,"Obliques, Transverse Abdominis, Hip Flexors"
Resistance Band Leg Raises,None,,Beginner,RESISTANCE BAND,"Rectus Abdominis, Hip Flexors","Obliques, Transverse Abdominis, Quadriceps"
Resistance Band Pull Aparts,None,,Beginner,RESISTANCE BAND,"Rear Deltoids, Rhomboids","Trapezius, External Rotators"
Resistance Band Squats,None,,Beginner,RESISTANCE BAND,"Quadriceps, Glutes","Hamstrings, Erector Spinae, Hip Abductors"
Resistance Band Tricep Pushdown,None,,Beginner,RESISTANCE BAND,Triceps,"Forearm Extensors, Anconeus"
Standing Toe Touches,None,,Beginner,RESISTANCE BAND,"Hamstrings, Erector Spinae","Glutes, Calves, Rectus Abdominis"
Weighted Russian Twists,Dumbbells,,Intermediate,RESISTANCE BAND,"Obliques, Rectus Abdominis","Transverse Abdominis, Hip Flexors, Erector Spinae"
Arnold Press,Dumbbells,,Intermediate,SHOULDERS,"Anterior Deltoids, Medial Deltoids","Triceps, Upper Trapezius, Supraspinatus"
Barbell Shrugs,Barbells,,Advanced,SHOULDERS,Upper Trapezius,"Levator Scapulae, Rhomboids"
Barbell Upright Rows,Barbells,,Advanced,SHOULDERS,"Medial Deltoids, Upper Trapezius","Anterior Deltoids, Biceps, Brachioradialis"
Behind Neck Press,Dead Lift Machine,,Advanced,SHOULDERS,"Medial Deltoids, Anterior Deltoids","Triceps, Upper Trapezius, Supraspinatus"
Bent Over Side Raises,Cable machine,,Intermediate,SHOULDERS,Rear Deltoids,"Rhomboids, Trapezius, Teres Minor, Infraspinatus"
Cable Bent Over Rear Delt Fly,Cable machine,,Intermediate,SHOULDERS,Rear Deltoids,"Rhomboids, Trapezius, Teres Minor"
Cable Crossover Lateral Raise,Cable machine,,Intermediate,SHOULDERS,Medial Deltoids,"Upper Trapezius, Supraspinatus, Anterior Deltoids"
Cable External Shoulder Rotation,Cable machine,,Intermediate,SHOULDERS,"Infraspinatus, Teres Minor (Rotator Cuff)","Rear Deltoids, Rhomboids"
Cable Front Raise Double Arm,Cable machine,,Intermediate,SHOULDERS,Anterior Deltoids,"Medial Deltoids, Upper Trapezius, Pectorals"
Cable Front Raise Single Arm,Cable machine,,Intermediate,SHOULDERS,Anterior Deltoids,"Medial Deltoids, Upper Trapezius, Pectorals"
Cable Rope Upright Row,Cable machine,,Intermediate,SHOULDERS,"Medial Deltoids, Upper Trapezius","Anterior Deltoids, Biceps, Brachioradialis"
Cable Shoulder Press,Cable machine,,Intermediate,SHOULDERS,"Anterior Deltoids, Medial Deltoids","Triceps, Upper Trapezius, Supraspinatus"
Cable Shrugs,Cable machine,,Intermediate,SHOULDERS,Upper Trapezius,"Levator Scapulae, Rhomboids"
Cable Single Arm Lateral Raise,Cable machine,,Intermediate,SHOULDERS,Medial Deltoids,"Upper Trapezius, Supraspinatus, Anterior Deltoids"
Cable Upright Rear Delt Fly,Cable machine,,Intermediate,SHOULDERS,Rear Deltoids,"Rhomboids, Trapezius, Teres Minor"
Db Bent Over Flyes,Dumbbells,,Intermediate,SHOULDERS,Rear Deltoids,"Rhomboids, Trapezius, Teres Minor, Infraspinatus"
Db External Rotation,Dumbbells,,Intermediate,SHOULDERS,"Infraspinatus, Teres Minor (Rotator Cuff)","Rear Deltoids, Rhomboids"
Db Front & Side Raise Superset,Dumbbells,,Intermediate,SHOULDERS,"Anterior Deltoids, Medial Deltoids","Upper Trapezius, Supraspinatus, Pectorals"
Db Front Raises,Dumbbells,,Intermediate,SHOULDERS,Anterior Deltoids,"Medial Deltoids, Upper Trapezius, Pectorals"
Db Seated Lateral Raises,Dumbbells,,Intermediate,SHOULDERS,Medial Deltoids,"Upper Trapezius, Supraspinatus, Anterior Deltoids"
Db Shoulder Press,Dumbbells,,Intermediate,SHOULDERS,"Anterior Deltoids, Medial Deltoids","Triceps, Upper Trapezius, Supraspinatus"
Db Shrugs,Dumbbells,,Intermediate,SHOULDERS,Upper Trapezius,"Levator Scapulae, Rhomboids"
Dolphin Push Up,None,,Beginner,SHOULDERS,"Anterior Deltoids, Medial Deltoids","Triceps, Upper Trapezius, Erector Spinae, Pectorals"
Dumbbell Front & Side Press Superset,Dumbbells,,Intermediate,SHOULDERS,"Anterior Deltoids, Medial Deltoids","Triceps, Upper Trapezius, Pectorals"
Dumbbell Front Raises Standing,Dumbbells,,Intermediate,SHOULDERS,Anterior Deltoids,"Medial Deltoids, Upper Trapezius, Pectorals"
Dumbbell Lateral Raise,Dumbbells,,Intermediate,SHOULDERS,Medial Deltoids,"Upper Trapezius, Supraspinatus, Anterior Deltoids"
Dumbbell Shoulder Press,Dumbbells,,Intermediate,SHOULDERS,"Anterior Deltoids, Medial Deltoids","Triceps, Upper Trapezius, Supraspinatus"
Dumbbell Shoulder Press Standing,Dumbbells,,Intermediate,SHOULDERS,"Anterior Deltoids, Medial Deltoids","Triceps, Upper Trapezius, Supraspinatus, Erector Spinae"
Dumbbell Swing,Dumbbells,,Intermediate,SHOULDERS,"Deltoids, Glutes, Hamstrings","Erector Spinae, Quadriceps, Forearm Flexors"
Dumbell Lateral Raise,Dumbbells,,Intermediate,SHOULDERS,Medial Deltoids,"Upper Trapezius, Supraspinatus, Anterior Deltoids"
Face Pulls Rear Delts,Cable machine,,Intermediate,SHOULDERS,"Rear Deltoids, External Rotators","Rhomboids, Trapezius, Biceps"
Internal Rotation Dumbbell,Dumbbells,,Intermediate,SHOULDERS,Subscapularis (Rotator Cuff),"Anterior Deltoids, Pectorals"
Inverted Pushup (Raised Pike),Incline Bench,Plyometric box,Advanced,SHOULDERS,"Anterior Deltoids, Medial Deltoids","Triceps, Upper Trapezius, Pectorals"
Kettlebell Shoulder Press,Kettlebells,,Intermediate,SHOULDERS,"Anterior Deltoids, Medial Deltoids","Triceps, Upper Trapezius, Supraspinatus"
Kettlebell Snatch,Kettlebells,,Intermediate,SHOULDERS,"Deltoids, Glutes, Hamstrings","Erector Spinae, Quadriceps, Trapezius, Forearm Flexors"
Landmine Kneeling Press Double Arm,Barbells,,Advanced,SHOULDERS,"Anterior Deltoids, Medial Deltoids","Triceps, Pectorals, Erector Spinae"
Landmine Kneeling Press Single Arm,Barbells,,Advanced,SHOULDERS,"Anterior Deltoids, Medial Deltoids","Triceps, Pectorals, Obliques, Erector Spinae"
Landmine Press,Barbells,,Advanced,SHOULDERS,"Anterior Deltoids, Medial Deltoids, Upper Pectorals","Triceps, Erector Spinae, Transverse Abdominis"
Landmine Press Single Arm,Barbells,,Advanced,SHOULDERS,"Anterior Deltoids, Upper Pectorals","Triceps, Obliques, Erector Spinae"
Landmine Punch,Barbells,,Advanced,SHOULDERS,"Anterior Deltoids, Pectorals","Triceps, Obliques, Erector Spinae"
Landmine Throw,Barbells,,Advanced,SHOULDERS,"Deltoids, Glutes, Hamstrings","Erector Spinae, Quadriceps, Obliques, Forearm Flexors"
Pike Push Up,None,,Beginner,SHOULDERS,"Anterior Deltoids, Medial Deltoids","Triceps, Upper Trapezius, Pectorals"
Rear Delt Db Row With Bench,Dumbbells,Incline Bench,Intermediate,SHOULDERS,Rear Deltoids,"Rhomboids, Trapezius, Teres Minor, Biceps"
Reverse Machine Flyes,Pec Deck,,Advanced,SHOULDERS,"Rear Deltoids, Rhomboids","Trapezius, Teres Minor, Infraspinatus"
Seated Barbell Military Press,Barbells,,Advanced,SHOULDERS,"Anterior Deltoids, Medial Deltoids","Triceps, Upper Trapezius, Supraspinatus"
Seated Rear Delt Raise,Barbells,,Advanced,SHOULDERS,Rear Deltoids,"Rhomboids, Trapezius, Teres Minor"
Smith Machine Press,Smith Machine,,Advanced,SHOULDERS,"Anterior Deltoids, Medial Deltoids","Triceps, Upper Trapezius, Supraspinatus"
Smith Machine Shrugs,Smith Machine,,Advanced,SHOULDERS,Upper Trapezius,"Levator Scapulae, Rhomboids"
Standing Barbell Militery Press,Barbells,,Advanced,SHOULDERS,"Anterior Deltoids, Medial Deltoids","Triceps, Upper Trapezius, Erector Spinae"
Standing Front Barbell Raise Over Head,Barbells,,Advanced,SHOULDERS,Anterior Deltoids,"Medial Deltoids, Upper Trapezius, Pectorals"
Standing Overhead Push Press,Dead Lift Machine,,Advanced,SHOULDERS,"Anterior Deltoids, Medial Deltoids, Quadriceps, Glutes","Triceps, Upper Trapezius, Erector Spinae"
Upright Row Dumbbells,Dumbbells,,Intermediate,SHOULDERS,"Medial Deltoids, Upper Trapezius","Anterior Deltoids, Biceps, Brachioradialis"
90 90 Stretch,None,,Beginner,STRETCHES,"Hip Flexors, Hip External Rotators, Glutes","Piriformis, Adductors, TFL"
Above Head Chest Stretch,None,,Beginner,STRETCHES,Pectorals,"Anterior Deltoids, Biceps"
Across Chest Shoulder Stretch,None,,Beginner,STRETCHES,"Rear Deltoids, Rhomboids","Trapezius, Teres Minor"
Butterfly Stretch,None,,Beginner,STRETCHES,"Adductors, Hip Flexors","Glutes, Piriformis"
Calf Stretch,None,,Beginner,STRETCHES,Gastrocnemius,"Soleus, Achilles Tendon, Tibialis Posterior"
Cat Cow Stretch,None,,Beginner,STRETCHES,"Erector Spinae, Rectus Abdominis","Multifidi, Obliques, Hip Flexors"
Chest Out Hands Behind (Hold),None,,Beginner,STRETCHES,"Pectorals, Anterior Deltoids","Biceps, Serratus Anterior"
Dead Bugs,None,,Beginner,STRETCHES,"Transverse Abdominis, Rectus Abdominis","Erector Spinae, Hip Flexors, Obliques"
Downward Dog,None,,Beginner,STRETCHES,"Hamstrings, Gastrocnemius","Glutes, Deltoids, Latissimus Dorsi, Erector Spinae"
Front Foot Elevated Ankle Mobility,Incline Bench,Bench press,Beginner,STRETCHES,"Gastrocnemius, Soleus","Tibialis Posterior, Ankle Flexors"
Groiners,None,,Beginner,STRETCHES,"Hip Flexors, Adductors","Glutes, Hamstrings, Thoracic Extensors"
Half Kneel Abductor Stretch,None,,Beginner,STRETCHES,"Adductors, Hip Abductors","Glutes, TFL, Piriformis"
Half Kneel Quad Hip Flexor Stretch,None,,Beginner,STRETCHES,"Hip Flexors, Quadriceps","Rectus Femoris, Iliacus, Psoas"
Hip Raises,None,,Beginner,STRETCHES,"Glutes, Hamstrings","Erector Spinae, Adductors, Transverse Abdominis"
Knee Hugs,None,,Beginner,STRETCHES,"Glutes, Hip Flexors, Erector Spinae","Hamstrings, Piriformis"
Kneeling Push Up Childs Pose,None,,Beginner,STRETCHES,"Latissimus Dorsi, Erector Spinae","Deltoids, Triceps, Glutes"
Knelling Push Up To Child'S Pose,None,,Beginner,STRETCHES,"Latissimus Dorsi, Erector Spinae","Deltoids, Triceps, Glutes"
Lying Chest Squeezes 1,None,,Beginner,STRETCHES,Pectorals,"Anterior Deltoids, Serratus Anterior"
Lying Chest Squeezes 2,None,,Beginner,STRETCHES,Pectorals,"Anterior Deltoids, Serratus Anterior"
Quad Stretch,None,,Beginner,STRETCHES,"Quadriceps, Hip Flexors","Rectus Femoris, Iliacus"
Seated Straight Leg Hamstring Stretch,None,,Beginner,STRETCHES,Hamstrings,"Glutes, Gastrocnemius, Erector Spinae"
Straight Leg Skips,None,,Beginner,STRETCHES,"Hip Flexors, Hamstrings, Gastrocnemius","Glutes, Quadriceps, Erector Spinae"
Wall Side Glute Activation,None,,Beginner,STRETCHES,"Glutes (Gluteus Medius), Hip Abductors","Tensor Fasciae Latae, Piriformis"
Bent Over Dumbbell Kickbacks,Dumbbells,,Intermediate,TRICEPS,Triceps,"Rear Deltoids, Anconeus"
Cable Rope Overhead Extension From Low,Cable machine,,Intermediate,TRICEPS,Triceps (Long Head),"Anconeus, Rear Deltoids"
Cable Tricep Kick Back,Cable machine,,Intermediate,TRICEPS,Triceps,"Anconeus, Rear Deltoids"
Db One Arm Extension,Dumbbells,,Intermediate,TRICEPS,Triceps (Long Head),Anconeus
Db Over Head Extensions With Pause,Dumbbells,,Intermediate,TRICEPS,Triceps (Long Head),"Anconeus, Rear Deltoids"
Db Skull Crushers,Dumbbells,,Intermediate,TRICEPS,Triceps,"Anconeus, Deltoids"
Db Tate Press,Dumbbells,,Intermediate,TRICEPS,Triceps,"Pectorals, Anterior Deltoids"
Dips Machine,Dumbbells,,Intermediate,TRICEPS,"Triceps, Pectorals, Anterior Deltoids","Rhomboids, Serratus Anterior"
Dips Weighted,Dip Machine,,Advanced,TRICEPS,"Triceps, Pectorals (Lower), Anterior Deltoids","Rhomboids, Serratus Anterior"
Dumbbell Triceps Extension,Dumbbells,,Intermediate,TRICEPS,Triceps (Long Head),Anconeus
Ez Bar French Press,Curl Bar,,Advanced,TRICEPS,Triceps (Long Head),Anconeus
Incline Db Extensions - Db Powerbomb,Dumbbells,,Intermediate,TRICEPS,Triceps,Anconeus
Incline Dumbbell Extensions,Dumbbells,,Intermediate,TRICEPS,Triceps (Long Head),Anconeus
Incline Dumbbell Triceps Kickback,Dumbbells,,Intermediate,TRICEPS,Triceps,"Rear Deltoids, Anconeus"
Kettlebell Tricep Extension,Kettlebells,,Intermediate,TRICEPS,Triceps (Long Head),"Anconeus, Rear Deltoids"
Over Head Cable Extension,Cable machine,,Intermediate,TRICEPS,Triceps (Long Head),"Anconeus, Rear Deltoids"
Rope Press Down,Cable machine,,Intermediate,TRICEPS,Triceps,"Anconeus, Forearm Extensors"
Seated Overhead Db Extension,Dumbbells,,Intermediate,TRICEPS,Triceps (Long Head),Anconeus
Tricep Dips,Bench press,Incline Bench,Advanced,TRICEPS,"Triceps, Pectorals (Lower), Anterior Deltoids","Rhomboids, Serratus Anterior"
Tricep Dips On Bench,Bench press,Incline Bench,Advanced,TRICEPS,Triceps,"Anterior Deltoids, Pectorals (Lower)"
Tricep Dumbbell Kickback,Incline Bench,Dumbbells,Advanced,TRICEPS,Triceps,"Rear Deltoids, Anconeus"
Triceps Dips,Incline Bench,Bench press,Advanced,TRICEPS,"Triceps, Pectorals (Lower), Anterior Deltoids","Rhomboids, Serratus Anterior"
Triceps Dips On A Bench,Bench press,Incline Bench,Advanced,TRICEPS,Triceps,"Anterior Deltoids, Pectorals (Lower)"
Triceps Pushdown,Vertical Knee Raise Station,,Advanced,TRICEPS,Triceps,"Anconeus, Forearm Extensors"
V-Bar Press Down,Cable machine,,Intermediate,TRICEPS,Triceps,"Anconeus, Forearm Extensors"